1;11/11/2023 am
2;12/11/2023 pm
3;11/11/2023 pm
4;11/11/2023 pm
5;03/12/2023 pm
6;18/11/2023 am
7;19/11/2023 pm
8;18/11/2023 am
9;19/11/2023 am
10;26/11/2023 pm
11;26/11/2023 am
12;26/11/2023 pm
13;25/11/2023 pm
14;10/12/2023 pm
15;09/12/2023 am
16;09/12/2023 pm
17;09/12/2023 pm
18;21/01/2024 am
19;20/01/2024 am
20;14/01/2024 pm
21;13/01/2024 am
22;28/01/2024 am
23;27/01/2024 am
24;27/01/2024 am
25;27/01/2024 pm
27;18/02/2024 pm
28;18/02/2024 am
29;17/02/2024 pm
30;17/02/2024 pm
31;03/03/2024 pm
32;03/03/2024 am
34;03/03/2024 am
35;02/03/2024 pm
36;24/03/2024 pm
37;23/03/2024 am
38;16/03/2024 am
39;16/03/2024 pm
40;06/04/2024 am
41;07/04/2024 am
42;06/04/2024 pm
43;14/04/2024 am
44;13/04/2024 am
45;14/04/2024 am
46;20/04/2024 am
47;21/04/2024 pm
48;20/04/2024 pm
49;20/04/2024 pm
50;05/05/2024 pm
51;05/05/2024 am
52;04/05/2024 am
53;04/05/2024 pm
54;19/05/2024 pm
55;18/05/2024 pm
56;19/05/2024 am
1321;12/11/2023 am
1322;11/11/2023 pm
1323;11/11/2023 am
1324;12/11/2023 pm
1325;19/11/2023 am
1326;19/11/2023 pm
1327;16/12/2023 am
1328;18/11/2023 pm
1329;26/11/2023 pm
1330;25/11/2023 pm
1331;03/11/2023 pm
1332;24/11/2023 pm
1333;03/12/2023 am
1334;03/12/2023 pm
1335;02/12/2023 am
1336;02/12/2023 pm
1337;10/12/2023 am
1338;09/12/2023 am
1339;09/12/2023 pm
1340;10/12/2023 pm
1341;14/01/2024 am
1342;13/01/2024 pm
1343;14/01/2024 pm
1344;12/01/2024 pm
1345;20/01/2024 pm
1346;19/01/2024 pm
1347;21/01/2024 pm
1348;20/01/2024 am
1349;28/01/2024 pm
1350;28/01/2024 am
1351;27/01/2024 am
1352;27/01/2024 pm
1353;11/02/2024 am
1354;10/02/2024 am
1355;11/02/2024 pm
1356;10/02/2024 pm
1357;18/02/2024 pm
1358;17/02/2024 pm
1359;17/02/2024 am
1360;18/02/2024 am
1361;24/02/2024 pm
1362;25/02/2024 am
1363;25/02/2024 pm
1364;24/02/2024 am
1365;10/03/2024 am
1366;09/03/2024 am
1367;09/03/2024 pm
1368;10/03/2024 pm
1369;17/03/2024 am
1370;16/03/2024 pm
1371;17/03/2024 pm
1372;16/03/2024 am
1373;24/03/2024 am
1374;23/03/2024 am
1375;24/03/2024 pm
1376;23/03/2024 pm
